,word,logfreq,MLU,solo_freqs,final_freqs
0,you,-3.180531528708275,7.023976648529323,520,16016
1,the,-3.5761993144197635,8.088437029683947,244,1579
2,it,-3.8693334763720437,6.6593601895734595,77,30652
3,that,-3.8732821233504438,5.871126511684035,331,24147
4,a,-3.976869506611881,7.2591278908572905,222,1631
5,what,-4.02190419520522,5.034023062075587,6558,11722
6,i,-4.1734280913302655,8.07632779406973,172,845
7,is,-4.4985927182819125,5.999838912336093,22,7029
8,do,-4.508646633867686,6.864653334852011,60,10762
9,and,-4.513262114494731,9.762791381959657,406,836
10,to,-4.624974426123764,9.517584265555312,17,1157
11,in,-4.719451436987787,8.365196078431373,53,3431
12,there,-4.795672636156072,5.952409860590161,2334,18121
13,this,-4.820655276273986,6.3298210514615985,240,11272
14,we,-4.828667728330757,8.708667592883073,31,909
15,on,-4.857216419295794,7.672538621166705,98,9450
16,go,-4.872551292289693,6.663427768672442,234,14201
17,here,-4.898499668436773,5.350346020761246,3600,20134
18,your,-4.9049845096959155,7.039906160059981,17,332
19,can,-4.991004770389994,7.623342734389414,39,938
20,he,-5.083188500218283,7.389271056130412,50,1501
21,are,-5.084200631419042,6.268061221537482,2,2198
22,no,-5.145651984375162,4.311755837922654,8792,11790
23,see,-5.194094548748423,6.058967900277724,1913,8794
24,don't,-5.232174015805764,7.219430373377168,103,770
25,look,-5.289046335120104,5.853094705443699,2762,4767
26,put,-5.289508073038766,8.12714935341765,15,175
27,like,-5.300726082145407,7.779370553998707,17,1486
28,gonna,-5.30797366646886,8.00151992183259,3,253
29,of,-5.353128063949404,9.784121455343959,3,533
30,did,-5.386464484216996,6.837593455200219,9,1767
31,where,-5.388384359427138,5.144207388814809,760,1178
32,get,-5.395429275117794,7.805877009360559,12,498
33,have,-5.470920564686738,8.069043359741034,2,1503
34,wanna,-5.5233847327200705,6.893213035281444,36,446
35,up,-5.530185794854274,7.461427215618927,582,8258
36,with,-5.564762362320245,8.638549707602339,12,1101
37,for,-5.579181611298075,8.482842090274811,15,1141
38,they,-5.580131324081363,7.56506247327664,11,1422
39,me,-5.580558989273559,7.277519011406844,101,6447
40,mommy,-5.723586714791874,6.29238868172845,537,5132
41,good,-5.739561407095929,4.485095001950187,1677,7265
42,think,-5.745821558332214,8.4017942248388,17,1868
43,at,-5.7595969695263,7.5585242453527375,5,818
44,say,-5.773218975034702,5.812712499279663,321,5072
45,she,-5.775931114958521,8.215763319080088,30,632
46,little,-5.806677493695191,7.965856274579907,25,651
47,not,-5.813493663582862,7.025617950563955,22,1415
48,now,-5.826233458529822,6.921006258734885,422,6233
49,all,-5.851649429235262,8.103340812764896,17,861
50,some,-5.874981088512396,7.422100293479648,18,973
51,does,-5.933777122910633,6.55010487854388,7,859
52,how,-5.937233933212291,6.463606735469853,63,242
53,was,-5.953042645674308,8.84417465682555,1,544
54,out,-5.954354121272119,8.458834093106782,76,5201
55,who,-5.965816161940989,5.073709215398589,419,749
56,be,-6.015959158612732,8.643355615955336,14,869
57,so,-6.016988116516247,9.0088241782484,154,1498
58,am,-6.072473931409361,8.27524290711232,3,297
59,down,-6.095194141456218,6.755725190839694,260,5929
60,baby,-6.108240066609258,5.866269233867719,561,5156
61,my,-6.143912743300798,7.099515778928034,17,385
62,yes,-6.193809714445421,3.453268977621764,4378,5437
63,play,-6.207327612563185,7.806440135207258,57,1472
64,make,-6.224553949179307,7.885972850678733,5,686
65,back,-6.30646113901801,7.857676063255083,34,3121
66,eat,-6.3085259349927325,6.96998031496063,127,2303
67,his,-6.31563777848045,7.9859238699444886,3,123
68,over,-6.322800562785326,7.546725239616613,15,1217
69,too,-6.32610073078878,7.084443554041871,23,5014
70,her,-6.326401286819696,8.760320641282565,17,1615
71,about,-6.329210841146245,7.229501607717042,5,907
72,big,-6.350845934164006,7.002156278878735,42,1047
73,but,-6.386487476462444,10.606937646307726,60,310
74,take,-6.389578010174017,8.327676379549578,4,93
75,daddy,-6.393106482158814,6.588796058269066,263,2611
76,if,-6.398153472737684,11.381203574119926,3,41
77,them,-6.398476487545338,8.521430109842774,2,2748
78,more,-6.445437612526079,6.6813769751693,236,2765
79,him,-6.455305553996822,7.649948706257836,8,3139
80,book,-6.478950043997621,7.1080765639589165,174,5239
81,would,-6.520535829976706,8.931256843898284,4,127
82,then,-6.541188069825225,10.163830580052167,27,1056
83,why,-6.54305293019038,6.761448481831757,959,1389
84,those,-6.562022156728067,6.5608116677235255,15,1371
85,have_to,-6.591233524087966,8.99347088012536,1,153
86,when,-6.6083549748599895,11.43663655685441,87,129
87,an,-6.631332136192941,7.4659507951610715,18,97
88,off,-6.6555457280148875,7.579306503272525,111,3637
89,these,-6.660991527970812,7.19784374124895,28,1423
90,sit,-6.72801610139957,7.139841293606827,72,424
91,need,-6.7411275845358976,8.002123786407767,2,380
92,thank_you,-6.8595176004840575,2.4055669398907105,3169,4353
93,other,-6.861226710454014,8.484433800889498,10,346
94,boy,-6.862767410921414,5.358574610244989,133,3633
95,try,-6.866543591172441,7.204127257093723,35,541
96,give,-6.8748323625097925,8.057568926651639,2,23
97,nice,-6.926792101440504,5.612785388127854,124,1976
98,ball,-6.9560751426208665,5.374083129584352,382,3549
99,car,-6.958146121427521,6.957218243497927,173,2977
100,were,-6.974486975248521,9.414942528735633,0,161
101,could,-7.011763219953241,9.325114336846292,3,136
102,time,-7.025175491873459,9.282950423216445,7,1978
103,read,-7.045123232479202,7.665707236842105,18,554
104,another,-7.057951879344007,6.186588921282799,11,107
105,bye,-7.095724245772992,3.9785899653979238,312,1639
106,hand,-7.12024386294731,6.90979609929078,48,2495
107,will,-7.121352633434557,8.692256489904592,2,327
108,call,-7.146972012149426,7.415206009560665,8,1113
109,help,-7.159801512289839,7.0417339174544615,76,850
110,house,-7.1625722367592255,8.484161849710983,54,2720
111,hi,-7.19547767320163,2.664277180406213,1381,1791
112,girl,-7.200508226390346,5.859750240153699,34,2722
113,open,-7.201950187707247,6.2063492063492065,229,919
114,find,-7.2029126516891475,7.872652864708715,4,285
115,bear,-7.2349564841754175,6.703952274422073,120,2025
116,uhoh,-7.272696812158264,2.329891584925142,2572,2734
117,away,-7.2747639963569295,7.812209001551992,20,2310
118,head,-7.2804708860350225,7.557752341311134,18,2326
119,hold,-7.289092755251345,6.631067961165049,5,144
120,wait,-7.294618358048734,6.714775725593667,241,678
121,water,-7.316761452974474,7.548961424332345,150,1901
122,box,-7.318381323739049,7.34477168332883,48,2539
123,please,-7.320545241272642,5.754941781749255,402,2524
124,pretty,-7.320545241272642,5.285404819929597,115,917
125,around,-7.3608822013515836,7.914857626162955,9,1292
126,talk,-7.377942609449554,7.934040722684256,26,582
127,push,-7.381389898126313,5.911079136690647,252,524
128,show,-7.381677709324156,7.693436960276339,4,120
129,today,-7.393841195517353,7.757575757575758,42,2329
130,toy,-7.39588290542888,7.632992700729927,65,1614
131,bird,-7.3970514711476,6.1002630809704765,123,1758
132,red,-7.404975210331034,6.224513847967001,225,872
133,any,-7.409108667648141,8.365384615384615,3,233
134,watch,-7.414150944384936,5.689860243829914,378,877
135,kitty,-7.416532606719423,4.971684053651267,251,1462
136,cookie,-7.450793953829584,5.959901295496607,165,1774
137,picture,-7.464458762731306,7.794559099437148,20,1499
138,gotta,-7.483398722832227,7.820586360739324,4,42
139,blue,-7.485951372591007,5.928434504792333,305,1026
140,chair,-7.488830913854426,6.888817686638898,93,2032
141,because,-7.498489713993089,10.673891944354578,77,166
142,nose,-7.504655561857643,5.818033854166667,200,2089
143,cat,-7.523052926997359,6.473806366047746,142,1490
144,better,-7.529372588808542,7.27027027027027,17,1195
145,eye,-7.534054871610457,6.209520616828696,192,1819
146,hat,-7.5374128331271075,6.017827110662631,135,1732
147,mouth,-7.54823471757121,6.994899693981639,60,1962
148,hello,-7.552323309297472,2.6186411744622737,1360,1757
149,dog,-7.563308658355855,6.59302726958923,165,1349
150,work,-7.571975725957091,7.577646239554317,15,1388
151,bed,-7.5726723473715385,8.188850174216029,36,1762
152,hair,-7.580016321627297,6.899262899262899,55,1653
153,lot,-7.589892945123209,8.96207018787664,8,255
154,which,-7.591666938847273,6.958096590909091,33,49
155,throw,-7.596650929228253,6.525695931477516,19,212
156,first,-7.605613168818406,8.563197695354699,9,1394
157,love,-7.625250163451446,6.200514138817481,27,262
158,juice,-7.63040481404011,5.636766334440753,150,1875
159,day,-7.634473619357505,10.00333580429948,11,1231
160,cow,-7.639676158033633,5.56892697466468,173,1386
161,drink,-7.644531443015245,6.5630849868962935,27,764
162,truck,-7.647906657170148,6.605184072126221,94,1636
163,shoe,-7.655069741520916,5.885357548240636,190,1491
164,people,-7.670703997052755,8.378939277478862,37,774
165,green,-7.672242458894661,5.998845265588915,250,805
166,pick,-7.676872096793403,8.410672853828306,7,78
167,home,-7.678807456406592,8.807438977140643,19,1422
168,bunny,-7.682689448859316,5.50486192143135,114,1202
169,milk,-7.684636110949624,6.402182385035074,144,1435
170,walk,-7.685415838084645,7.58814352574103,47,813
171,by,-7.698369895580082,9.366653496641643,4,152
172,new,-7.705109266975013,8.677406523468576,7,147
173,animal,-7.709094923905217,8.04073482428115,20,912
174,close,-7.717114213071836,6.1131239935587764,138,559
175,sleep,-7.717919690360653,7.578162771958098,38,1130
176,our,-7.729265030854348,9.28239608801956,1,17
177,bring,-7.735806346083988,8.860541427399507,3,55
178,school,-7.739093119790612,8.960493827160494,12,1127
179,pull,-7.7657836115868735,6.374049027895182,137,319
180,clean,-7.7776885140931915,7.61633875106929,18,418
181,door,-7.783694538153403,7.113166953528399,38,1351
182,train,-7.791036397951451,7.534460338101431,37,1133
183,hear,-7.796687358435889,6.849607672188317,4,169
184,man,-7.805004324740155,6.471648351648351,23,1033
185,stay,-7.805443981814724,8.01363236587511,12,150
186,much,-7.808527005617677,8.321129245699161,2,699
187,fall,-7.812504911415598,6.788751107174491,8,485
188,stop,-7.816498704165889,5.421076033792797,299,796
189,into,-7.8444536354484375,10.33424782807499,2,72
190,cup,-7.847659500342071,6.622935779816514,80,1301
191,duck,-7.8522572095907,5.355299539170507,173,1161
192,table,-7.85410222856427,8.08910433979686,27,1395
193,yellow,-7.858729724096317,5.769944341372913,237,695
194,kiss,-7.876512129963854,5.771010387157696,67,1108
195,fix,-7.884095104688309,7.105613701236917,3,175
196,block,-7.890298894568639,6.468645284825275,114,1219
197,ear,-7.891736020564488,6.199904122722915,84,1166
198,careful,-7.901854150730072,4.385956416464891,368,1068
199,ride,-7.90524973973121,8.048590864917395,6,481
200,tree,-7.909632507886306,7.053196681307955,97,1335
201,horse,-7.912075704801611,6.720156555772994,63,970
202,sing,-7.918456094544821,6.40768094534712,33,533
203,egg,-7.921414676584566,7.272098765432099,116,1051
204,face,-7.922897256544789,7.019782393669634,14,1259
205,hurt,-7.941869368280387,6.090725806451613,15,742
206,fit,-7.94742915010259,6.950329447541814,3,609
207,hard,-7.955571688729129,7.184977005620849,21,647
208,their,-7.9565941837057395,10.383631713554987,0,25
209,pig,-7.967393980111966,6.2719751809720785,91,930
210,fish,-7.974659191103378,6.113541666666666,142,1068
211,outside,-7.976222913079561,6.810641627543036,98,1189
212,orange,-7.986183676955332,5.700210748155953,218,702
213,jump,-7.987237973310238,6.2784810126582276,129,596
214,finish,-7.987765538608679,7.512401055408971,12,377
215,story,-7.99464933597988,8.456960680127525,2,987
216,food,-8.007483736751421,8.186221743810549,33,927
217,chicken,-8.01233942473808,6.035694970254191,118,822
218,apple,-8.013963241062408,5.763271939328277,222,852
219,paper,-8.019939895636535,7.474659400544959,37,1010
220,room,-8.030898909426254,9.275482093663912,3,1006
221,telephone,-8.033105198241792,6.6073992269464386,76,1104
222,draw,-8.039197712240949,6.748888888888889,15,435
223,stand,-8.058833686757808,6.898583569405099,5,98
224,long,-8.070229821488677,9.184527220630372,6,295
225,morning,-8.07309926391663,9.59080459770115,17,967
226,wash,-8.0748248898841,7.311456534254462,10,171
227,bite,-8.07540076090491,5.57258064516129,41,698
228,us,-8.087571296525166,9.681632653061225,3,614
229,tape,-8.107000815592313,8.031510107015459,16,419
230,after,-8.113562127529812,10.029922202274088,9,98
231,finger,-8.114160750714404,6.792814371257485,23,821
232,hot,-8.114160750714404,5.765868263473054,113,822
233,flower,-8.134730138962514,5.963325183374083,186,989
234,inside,-8.142092135403582,7.602216748768473,26,607
235,run,-8.158857507910193,8.1390106449593,17,276
236,light,-8.17209438570738,6.713832487309645,73,731
237,friend,-8.179098553150952,8.764856230031949,5,729
238,foot,-8.199105674198004,6.241199478487614,33,927
239,cheese,-8.212889942336849,7.02048909451421,99,802
240,before,-8.216200107557304,10.503315649867375,6,397
241,under,-8.218191478942229,7.209966777408638,13,85
242,cold,-8.223521271705577,6.649298597194389,56,801
243,old,-8.247863244374505,8.175906913073238,1,206
244,touch,-8.24923310760242,5.850582590815627,10,316
245,bottle,-8.252665998031741,6.116918844566713,98,969
246,next,-8.255420820710585,7.914482758620689,27,393
247,last,-8.256801083179544,9.560773480662984,2,57
248,hungry,-8.258183253406495,7.170816044260028,15,892
249,build,-8.269309932871252,7.513286713286713,6,219
250,spoon,-8.279854846047867,6.278445229681979,83,918
251,happy,-8.280561809668688,6.682461103253183,45,406
252,diaper,-8.285524599010817,6.924662402274342,41,659
253,cry,-8.286947074357359,6.391459074733096,22,822
254,grandma,-8.29194173333145,7.646638054363376,48,431
255,tire,-8.294807064804736,5.759684361549498,25,810
256,night,-8.316562817721797,9.859237536656892,12,704
257,cut,-8.318030169415747,8.075624082232011,16,191
258,bus,-8.318030169415747,7.583700440528634,37,696
259,brush,-8.321707996290336,6.509948415622697,35,356
260,later,-8.323182922811403,7.971217712177122,40,835
261,tickle,-8.333568772843527,5.4049217002237135,40,336
262,white,-8.35390845708065,7.957382039573821,64,359
263,airplane,-8.359249942500984,7.061973986228003,83,789
264,potato,-8.361547913638606,7.041411042944786,28,310
265,yourself,-8.364620112675578,7.0576923076923075,2,836
266,stick,-8.365389639454605,7.389530408006158,35,394
267,peekaboo,-8.36924618106436,2.1205564142194744,801,1109
268,shirt,-8.380124299211543,7.6609375,31,707
269,breakfast,-8.407045956777807,7.027287319422151,31,802
270,arm,-8.439675278838074,6.802653399668325,13,616
271,listen,-8.439675278838074,6.74212271973466,187,397
272,button,-8.44133503025644,6.509966777408638,38,698
273,store,-8.443829834045221,9.7751873438801,4,650
274,dress,-8.448001721614629,7.8595317725752505,8,514
275,crayon,-8.461469938665495,6.296610169491525,74,679
276,coffee,-8.465716229546945,6.003404255319149,77,668
277,night_night,-8.466567655737164,3.9190800681431006,267,592
278,puzzle,-8.46741980747173,7.312872975277068,25,619
279,buy,-8.475122027833823,9.140893470790378,2,117
280,hit,-8.48375020905716,6.9263431542461005,5,105
281,dirty,-8.484617135856146,6.091066782307025,108,613
282,elephant,-8.485484814869368,6.177951388888889,100,578
283,moo,-8.488963079245694,3.5418118466898956,424,757
284,quack,-8.492453484185463,5.159965034965035,33,366
285,catch,-8.512763233053045,5.985727029438002,86,301
286,sheep,-8.520824181314678,5.705035971223022,97,599
287,puppy,-8.522624361818826,5.411711711711711,131,518
288,stuck,-8.524427788817976,5.933212996389892,38,538
289,blow,-8.524427788817976,5.9106498194945845,71,248
290,leg,-8.535317188617245,6.636861313868613,11,663
291,black,-8.55002333600694,7.19537037037037,60,235
292,sock,-8.550949690867071,6.334569045412419,57,523
293,break,-8.556525913494507,7.418452935694315,1,247
294,drive,-8.557458314494458,7.4375,13,236
295,pretend,-8.561196636605064,7.392322097378277,20,243
296,monkey,-8.56400957798168,5.812206572769953,65,506
297,rock,-8.573443610215039,7.350710900473934,45,440
298,shake,-8.573443610215039,5.621800947867299,40,202
299,lunch,-8.577242285248253,7.607040913415794,20,599
300,bad,-8.578194212973637,6.447619047619048,10,403
301,knock,-8.586802587510237,6.317963496637848,28,138
302,write,-8.605222885361556,7.279843444227006,10,228
303,choo,-8.616044437104733,5.567754698318496,34,279
304,mouse,-8.618024635771597,5.979187314172448,36,546
305,cake,-8.622992355873532,7.841633466135458,41,577
306,game,-8.626984377143069,7.951,3,564
307,hide,-8.627984877476653,6.586586586586587,14,325
308,toe,-8.629988886163368,6.231695085255767,54,666
309,farm,-8.636025121795218,8.032290615539859,3,566
310,lady,-8.638045324502492,6.823053589484328,19,373
311,window,-8.639056958377338,7.8117408906882595,20,639
312,swim,-8.640069616691724,7.303951367781155,27,377
313,doll,-8.651277069712114,7.263319672131147,19,440
314,pumpkin,-8.65641318783388,5.8280123583934085,82,560
315,pants,-8.657443584627776,7.161855670103093,31,471
316,yesterday,-8.659507568848628,8.75206611570248,25,621
317,dance,-8.662611554786219,6.092227979274611,52,504
318,brown,-8.666765247154913,7.59105098855359,44,244
319,same,-8.682497087073328,8.995771670190274,5,145
320,cute,-8.682497087073328,4.91754756871036,14,581
321,ice_cream,-8.683554728631462,7.305820105820106,61,450
322,money,-8.684613489979705,7.621822033898305,28,472
323,banana,-8.693124179647613,5.6239316239316235,105,563
324,boat,-8.694193126836518,6.634224598930481,31,579
325,ouch,-8.694193126836518,2.4524064171122997,546,668
326,snow,-8.695263217896363,8.858672376873661,28,380
327,wet,-8.699555069977905,6.583870967741936,22,550
328,bowl,-8.714723291451076,7.779475982532751,23,526
329,lion,-8.723495277523913,6.004405286343612,48,437
330,sun,-8.727910295733029,8.222345132743364,26,340
331,dinner,-8.727910295733029,7.528761061946903,22,545
332,cook,-8.758232663753022,7.200684150513113,21,314
333,wipe,-8.763950232216226,6.7327981651376145,5,77
334,nap,-8.77897073414095,8.324796274738068,12,493
335,drop,-8.77897073414095,6.49825378346915,3,82
336,bug,-8.780135556637243,5.903263403263403,46,475
337,dry,-8.78715312929589,7.535211267605634,6,223
338,kitchen,-8.793038961473151,8.439197166469894,15,487
339,climb,-8.801337764287846,8.036904761904761,12,79
340,taste,-8.80491558563573,5.862604540023895,3,113
341,hug,-8.821783455448136,5.944106925880924,18,425
342,rain,-8.825435315866907,6.920731707317073,20,408
343,bubble,-8.826655572272136,5.321123321123321,86,465
344,bath,-8.830325301161098,7.577205882352941,18,480
345,feed,-8.831551542884343,7.168098159509203,1,20
346,doctor,-8.832779290122666,8.48034398034398,12,226
347,behind,-8.835239315963527,7.29064039408867,2,50
348,moon,-8.838940739066715,7.444993819530285,46,415
349,meow,-8.84514038694624,3.228855721393035,321,499
350,fast,-8.855140470280823,7.275125628140704,17,385
351,gone,-8.856397541470873,6.486792452830189,33,407
352,shh,-8.860178264310779,4.3686868686868685,249,402
353,sleepy,-8.862706710664138,5.426582278481012,18,330
354,tomorrow,-8.865241566267326,8.58502538071066,36,397
355,frog,-8.865241566267326,6.446700507614213,47,408
356,swing,-8.866511407707803,6.496823379923761,41,398
357,camera,-8.871606960134402,6.324393358876118,67,496
358,paint,-8.88575510610043,8.042746113989637,20,247
359,bread,-8.892252854757949,7.102998696219035,53,409
360,glasses,-8.90010629826352,5.835742444152431,55,403
361,blanket,-8.917336678150729,8.012032085561497,41,355
362,star,-8.930795831524733,6.163956639566396,75,422
363,yum,-8.934869156912368,4.910204081632653,114,297
364,spill,-8.940326196375427,6.974008207934337,3,133
365,cereal,-8.940326196375427,6.4281805745554035,37,449
366,balloon,-8.940326196375427,5.477428180574555,97,522
367,mine,-8.945813178591687,5.639614855570839,40,434
368,zoo,-8.95133043396644,8.193637621023512,17,447
369,slide,-8.954100518840256,7.26629680998613,23,333
370,woof,-8.956878298404158,4.054242002781641,78,299
371,poor,-8.96666174471323,4.876404494382022,4,12
372,pour,-8.97938276431454,7.611664295874823,3,58
373,dump,-8.980806252099395,6.868945868945869,9,37
374,bump,-8.986520553362833,6.166189111747851,67,255
375,grandpa,-9.01559236818481,7.727138643067847,37,233
376,fine,-9.021509545212899,6.078635014836795,49,417
377,party,-9.025970519153523,8.87779433681073,5,389
378,chocolate,-9.03045148258856,8.366766467065869,30,182
379,carry,-9.031949610209582,8.388305847076461,5,67
380,cover,-9.039474100188198,7.7990936555891235,10,130
381,broken,-9.044016121622699,6.154779969650987,22,354
382,carrot,-9.047055637640595,5.901065449010654,75,383
383,present,-9.050104420489953,8.131297709923665,7,322
384,plate,-9.054695094198552,7.185582822085889,12,417
385,butterfly,-9.071710199204535,5.195007800312013,85,429
386,street,-9.08269070168798,8.701892744479496,2,380
387,sister,-9.08426923398103,8.053712480252765,13,219
388,clap,-9.085850261978347,5.360759493670886,39,172
389,tv,-9.093793115492284,7.226475279106858,18,349
390,comb,-9.093793115492284,6.446570972886763,30,210
391,cracker,-9.095389285025107,5.881789137380192,34,398
392,basket,-9.105020178086068,7.566129032258065,10,430
393,towel,-9.109870632219817,6.609400324149108,23,351
394,bicycle,-9.11800737361288,7.300653594771242,27,353
395,butter,-9.11964269695361,6.5220949263502455,37,258
396,tiny,-9.12785967005589,9.496699669966997,4,59
397,turtle,-9.13282245939802,5.920398009950249,74,354
398,yogurt,-9.134482210816385,6.827242524916944,34,302
399,tongue,-9.146178250579576,5.961344537815126,17,367
400,playdoh,-9.14954525712748,7.812816188870152,17,279
401,high,-9.1512330212412,7.302364864864865,7,253
402,full,-9.158012708226579,7.70578231292517,3,201
403,toast,-9.158012708226579,6.425170068027211,31,356
404,scare,-9.164838673296979,6.568493150684931,6,157
405,hammer,-9.18211025980564,5.7770034843205575,66,316
406,sad,-9.185600664745408,6.440559440559441,12,321
407,tiger,-9.190859221998874,6.008787346221441,44,284
408,park,-9.203237806231515,8.811387900355871,2,259
409,tonight,-9.208590182970106,8.225402504472273,13,380
410,teddy,-9.212174416197922,5.590664272890485,13,118
411,person,-9.230290853703224,8.440585009140769,1,226
412,sky,-9.2321206803803,7.706959706959707,9,352
413,brother,-9.23763033619127,7.76427255985267,8,217
414,snack,-9.23763033619127,7.50828729281768,13,311
415,potty,-9.23947365468556,8.476014760147601,5,311
416,beach,-9.241320377278724,8.619223659889094,2,327
417,bee,-9.241320377278724,6.040665434380776,17,292
418,key,-9.243170516566884,5.862962962962963,52,281
419,tummy,-9.245024085216208,7.2690166975881265,9,288
420,kick,-9.24688109596342,5.446096654275093,13,126
421,clown,-9.24874156161634,5.128491620111732,25,323
422,tractor,-9.250605495054403,6.117537313432836,42,338
423,bean,-9.261862649579038,6.2679245283018865,31,288
424,sandwich,-9.275158192060282,7.133843212237093,9,356
425,wind,-9.286696781616776,7.27852998065764,2,82
426,bathroom,-9.292516390670041,8.3715953307393,4,302
427,each,-9.294463810954436,10.19103313840156,2,12
428,pen,-9.296415031085697,7.173828125,9,306
429,wake,-9.316139536433477,8.219123505976096,0,4
430,every,-9.31813355504034,11.239520958083832,0,11
431,pillow,-9.320131557703014,6.41,30,324
432,movie,-9.354723002472634,9.681159420289855,2,221
433,soup,-9.360953552223268,6.7,19,291
434,share,-9.367223165236863,7.446540880503145,5,132
435,soft,-9.37776067053965,5.991525423728813,35,230
436,pajama,-9.382006961421101,7.3319148936170215,15,195
437,sick,-9.384136887678926,7.292110874200427,6,246
438,corn,-9.386271360207559,6.694444444444445,49,216
439,dish,-9.407870472011021,7.812227074235808,10,211
440,owl,-9.410056265231,6.781181619256017,28,189
441,heavy,-9.418847530642172,5.657836644591612,16,251
442,refrigerator,-9.43891509369298,7.373873873873874,9,301
443,raisin,-9.43891509369298,6.146396396396397,43,233
444,sticky,-9.44116988608007,5.306997742663657,56,221
445,vroom,-9.450240243050034,3.419134396355353,110,222
446,grape,-9.468631566021458,5.406032482598608,56,196
447,strawberry,-9.468631566021458,6.385150812064965,43,212
448,grass,-9.470954447437597,7.502325581395349,22,260
449,pencil,-9.475616460543408,6.383177570093458,22,245
450,lamb,-9.47795564289658,5.798594847775176,19,242
451,nurse,-9.492106822442825,7.3087885985748215,10,161
452,uncle,-9.494484944847791,7.121428571428571,5,27
453,smile,-9.496868736203067,6.014319809069212,30,226
454,baa,-9.49925822360045,3.289473684210526,176,271
455,stair,-9.501653434326403,7.6810551558753,8,268
456,knee,-9.504054395863943,6.3125,10,247
457,tissue,-9.50887368229989,6.905797101449275,16,240
458,loud,-9.50887368229989,6.768115942028985,7,218
459,candy,-9.51371630677568,6.951456310679611,23,186
460,clock,-9.523472481721043,5.595588235294118,39,263
461,mad,-9.538287567506185,6.567164179104478,3,213
462,quiet,-9.540778228818636,6.603491271820449,19,197
463,dark,-9.540778228818636,7.997506234413965,3,113
464,rooster,-9.550803375438015,5.012594458438287,38,241
465,giraffe,-9.571160312506759,5.5295629820051415,48,223
466,glass,-9.576314963095424,8.023255813953488,4,167
467,medicine,-9.578902286660375,7.217616580310881,7,210
468,plant,-9.578902286660375,8.406735751295336,11,150
469,boot,-9.58149632183742,6.34025974025974,26,206
470,napkin,-9.584097103537479,5.809895833333333,21,256
471,shop,-9.58670466694456,8.77284595300261,7,166
472,gentle,-9.58931904751863,4.219895287958115,83,199
473,purse,-9.591940280998504,6.813648293963254,8,255
474,coat,-9.607813630154794,6.482666666666667,15,183
475,garbage,-9.61316123648139,7.710455764075067,9,156
476,turkey,-9.621236650486935,5.221621621621622,40,190
477,yucky,-9.623943012084679,4.159891598915989,84,244
478,motorcycle,-9.632106322723839,5.885245901639344,28,201
479,hurry,-9.634842302542713,5.3561643835616435,26,79
480,booboo,-9.64863562467505,6.447222222222222,31,228
481,empty,-9.651417267636926,5.871866295264624,15,161
482,bead,-9.651417267636926,5.710306406685237,27,185
483,thirsty,-9.654206669724505,4.477653631284916,11,232
484,couch,-9.659808925273175,8.224719101123595,3,231
485,garage,-9.659808925273175,7.573033707865169,4,232
486,donkey,-9.66827159919191,5.81586402266289,31,181
487,aunt,-9.67395343265934,7.877492877492878,1,14
488,bucket,-9.694097998751808,7.145348837209302,13,208
489,fork,-9.714656725772844,6.42433234421365,17,199
490,garden,-9.72060912430014,9.376119402985074,2,189
491,peanut_butter,-9.729604687208717,6.018072289156627,18,143
492,nut,-9.729604687208717,7.033132530120482,9,183
493,splash,-9.732621280748143,5.83987915407855,29,124
494,meat,-9.73564700166468,7.206060606060606,14,165
495,penny,-9.738681905359833,6.52887537993921,14,189
496,squirrel,-9.744779485227951,6.308868501529052,26,162
497,soap,-9.753996140332877,7.290123456790123,23,137
498,lip,-9.760188110580797,5.984472049689441,17,195
499,teacher,-9.794946743945971,8.340836012861736,3,95
500,cheerio,-9.794946743945971,4.980707395498392,24,214
501,bedroom,-9.798167358646014,7.438709677419355,8,219
502,pea,-9.798167358646014,5.461290322580645,26,179
503,asleep,-9.814427879517794,6.901639344262295,7,187
504,wish,-9.830957181469005,9.206666666666667,4,30
505,pickle,-9.830957181469005,9.233333333333333,19,133
506,living_room,-9.83429608273452,8.511705685618729,2,187
507,bathtub,-9.8376461696198,8.077181208053691,5,211
508,ice,-9.8376461696198,7.620805369127517,7,59
509,jacket,-9.8376461696198,6.825503355704698,18,174
510,buttocks,-9.8376461696198,7.291946308724833,5,187
511,pattycake,-9.8376461696198,2.5805369127516777,138,223
512,snowman,-9.844380201801146,5.425675675675675,36,186
513,pool,-9.885765417963999,8.919014084507042,2,167
514,pizza,-9.89638498679146,7.355871886120997,14,141
515,ladder,-9.899950052955957,7.142857142857143,4,163
516,bib,-9.90352787430384,6.272401433691757,7,122
517,chase,-9.90352787430384,7.555555555555555,2,40
518,drawer,-9.928937589829209,7.845588235294118,11,177
519,slow,-9.928937589829209,4.974264705882353,11,112
520,roof,-9.93631769712683,7.2592592592592595,12,145
521,firetruck,-9.940028276523366,6.159851301115242,22,176
522,picnic,-9.95879055297889,8.803030303030303,0,115
523,slipper,-9.974058025109677,6.407692307692308,25,154
524,tray,-9.989562211645643,6.99609375,5,155
525,bat,-9.99347611096678,6.258823529411765,25,164
526,tear,-9.99740538910667,7.318897637795276,3,42
527,chip,-10.001350167397685,5.845849802371541,27,153
528,knife,-10.005310568613782,7.067460317460317,5,141
529,sink,-10.009286716993422,8.02788844621514,6,166
530,trash,-10.01327873826296,6.832,10,106
531,circus,-10.017286759660498,7.228915662650603,6,134
532,alligator,-10.017286759660498,5.831325301204819,21,131
533,spaghetti,-10.017286759660498,6.096385542168675,27,138
534,fireman,-10.017286759660498,5.397590361445783,14,138
535,shovel,-10.03348144558048,6.559183673469388,11,140
536,pancake,-10.037571430832003,6.655737704918033,14,137
537,zipper,-10.037571430832003,4.581967213114754,29,167
538,closet,-10.045801929968519,8.099173553719009,2,157
539,chin,-10.049942722634551,6.531120331950207,5,156
540,cowboy,-10.049942722634551,5.647302904564316,6,97
541,ant,-10.049942722634551,7.738589211618257,12,71
542,helicopter,-10.054100732783214,6.108333333333333,12,143
543,zebra,-10.070907851099596,4.983050847457627,38,147
544,glue,-10.070907851099596,8.440677966101696,6,66
545,shower,-10.079418540767504,7.397435897435898,7,145
546,pony,-10.079418540767504,6.9743589743589745,6,115
547,lick,-10.088002284458895,6.612068965517241,2,22
548,jelly,-10.101017652570965,6.432314410480349,9,76
549,rip,-10.101017652570965,7.423580786026201,3,35
550,hamburger,-10.105394027170764,6.214912280701754,17,137
551,wolf,-10.105394027170764,7.802631578947368,6,105
552,hen,-10.105394027170764,8.179824561403509,5,104
553,penguin,-10.109789638643802,5.405286343612334,24,128
554,stove,-10.118639253920785,7.484444444444445,4,149
555,crib,-10.123093604270165,8.522321428571429,0,144
556,sweater,-10.141112109772845,6.8090909090909095,15,122
557,nail,-10.145667926308704,7.639269406392694,7,84
558,police,-10.15946124844104,7.486111111111111,0,17
559,myself,-10.182881522649138,8.777251184834123,1,132
560,noodle,-10.187632125407736,5.485714285714286,11,115
561,goose,-10.202020862859836,5.618357487922705,12,129
562,yard,-10.202020862859836,9.173913043478262,1,125
563,oven,-10.202020862859836,8.072463768115941,11,123
564,toothbrush,-10.206863487335625,5.844660194174757,17,150
565,playground,-10.211729676986797,10.439024390243903,0,108
566,broom,-10.216619662280989,6.534313725490196,16,121
567,stone,-10.216619662280989,8.46078431372549,1,90
568,scissors,-10.24647262543067,7.843434343434343,17,103
569,necklace,-10.251535927387216,6.67005076142132,5,114
570,tooth,-10.251535927387216,8.02030456852792,0,66
571,gum,-10.256624996894688,6.612244897959184,9,112
572,high_chair,-10.266881497061878,8.128865979381443,2,121
573,mitten,-10.292992641065563,7.137566137566138,12,91
574,vacuum,-10.292992641065563,8.777777777777779,10,44
575,applesauce,-10.292992641065563,4.328042328042328,51,127
576,beside,-10.298297693295256,8.02127659574468,3,7
577,radio,-10.303631039270618,7.2032085561497325,9,109
578,cloud,-10.31438383104688,8.64864864864865,14,88
579,stroller,-10.31980389851622,8.168478260869565,1,116
580,sweep,-10.341782805234995,7.15,3,49
581,child,-10.34735385028445,7.849162011173185,3,67
582,salt,-10.34735385028445,6.240223463687151,15,93
583,none,-10.35295610583312,6.977528089887641,7,81
584,muffin,-10.358589923551376,7.112994350282486,5,76
585,noisy,-10.375684356910677,5.833333333333333,1,60
586,lollipop,-10.404840941202131,10.668639053254438,13,96
587,cheek,-10.434873228301006,6.7926829268292686,7,116
588,sauce,-10.472144623098238,7.860759493670886,4,76
589,jar,-10.484883648875668,9.275641025641026,3,74
590,sandbox,-10.50430173473277,7.836601307189542,6,103
591,glove,-10.51085913527893,6.697368421052632,14,85
592,belt,-10.530793350179746,7.1879194630872485,6,74
593,rocking_chair,-10.55113303441687,6.328767123287672,11,110
594,above,-10.55113303441687,7.287671232876712,1,20
595,cockadoodledoo,-10.593097233515902,2.607142857142857,84,118
596,shoulder,-10.600265722994514,7.654676258992806,5,81
597,skate,-10.607485970968002,6.782608695652174,2,80
598,camp,-10.61475873029708,9.02919708029197,5,52
599,naughty,-10.674927251763533,5.596899224806202,5,52
600,popsicle,-10.690552569666615,7.141732283464567,14,77
601,deer,-10.690552569666615,5.874015748031496,5,70
602,soda,-10.706425918822903,4.952,20,81
603,moose,-10.714458090520168,6.064516129032258,17,71
604,bench,-10.722555300752788,7.341463414634147,6,95
605,belly_button,-10.722555300752788,5.024390243902439,6,100
606,shorts,-10.730718611391948,7.491803278688525,4,53
607,chalk,-10.764055031659542,7.1525423728813555,3,50
608,awake,-10.807351837412865,5.902654867256637,4,60
609,sled,-10.825209454812871,7.108108108108108,8,53
610,woods,-10.825209454812871,9.711711711711711,0,58
611,vitamin,-10.843391773896062,6.36697247706422,4,53
612,hose,-10.843391773896062,7.63302752293578,4,62
613,popcorn,-10.843391773896062,5.963302752293578,12,61
614,lamp,-10.852608429000986,6.231481481481482,9,71
615,sneaker,-10.8619108216633,7.177570093457944,5,54
616,mailman,-10.871300562013138,5.39622641509434,3,54
617,pudding,-10.871300562013138,5.311320754716981,11,71
618,mop,-10.890348756983833,6.1826923076923075,11,60
619,vanilla,-10.90001066789557,6.485436893203883,13,33
620,hers,-10.919619139283945,7.891089108910891,0,43
621,pretzel,-10.939619805990615,5.545454545454546,9,61
622,church,-10.949772177454633,7.091836734693878,1,52
623,flag,-10.991444873855201,6.468085106382978,10,58
624,french_fry,-11.03492998579494,6.466666666666667,8,60
625,sofa,-11.057402841646999,7.886363636363637,1,58
626,hate,-11.068831537470622,8.126436781609195,0,6
627,basement,-11.080392359871698,9.511627906976743,2,53
628,country,-11.09208839963489,9.588235294117647,2,41
629,tricycle,-11.152713021451325,7.175,4,55
630,playpen,-11.217251542588896,7.253333333333333,2,45
631,sidewalk,-11.244280214976815,8.246575342465754,1,43
632,windy,-11.244280214976815,4.958904109589041,3,31
633,underpants,-11.27205977908389,8.183098591549296,5,36
634,backyard,-11.286244414075846,8.628571428571428,0,44
635,green_bean,-11.300633151527945,6.579710144927536,3,38
636,washing_machine,-11.34508491409878,9.227272727272727,0,43
637,dryer,-11.360352386229568,8.538461538461538,2,43
638,coke,-11.375856572765533,6.5,2,45
639,porch,-11.423865791951894,9.098360655737705,0,37
640,jello,-11.440395093903104,6.333333333333333,1,32
641,scarf,-11.457202212219485,7.254237288135593,5,31
642,tuna,-11.474296645578786,9.137931034482758,3,21
643,walker,-11.60291402340088,7.254901960784314,1,28
644,lawnmower,-11.642919358014579,7.469387755102041,4,30
645,donut,-11.663538645217315,7.25,2,31
646,babysitter,-11.684592054415146,9.893617021276595,0,21
647,jeans,-11.773539540431642,6.534883720930233,2,19
648,gas_station,-11.92382174348098,8.027027027027026,0,18
649,sprinkler,-11.92382174348098,7.0,3,18
650,grr,-12.069003753325479,3.25,14,25
651,downtown,-12.35668582577726,7.958333333333333,2,14
652,snowsuit,-12.399245440196056,8.478260869565217,0,16
653,tights,-12.490217218401783,8.380952380952381,1,14
654,melon,-12.701526312068989,6.647058823529412,0,12
655,ankle,-12.826689455022995,6.2,1,9
